{"cameraMode":{"drawMode":0,"name":"Shaded","section":"Shading Mode"},"sceneLighting":false,"audioPlay":false,"sceneViewState":{"m_AlwaysRefresh":false,"showFog":true,"showSkybox":false,"showFlares":true,"showImageEffects":true,"showParticleSystems":true,"showVisualEffectGraphs":true,"m_FxEnabled":true},"in2DMode":false,"pivot":{"x":-0.11698347330093384,"y":1.064880609512329,"z":1.9014736413955689},"rotation":{"x":-0.004229795187711716,"y":-0.4706520140171051,"z":0.0022944186348468067,"w":-0.8824199438095093},"size":3.9467616081237795,"orthographic":false}