{"cameraMode":{"drawMode":0,"name":"Shaded","section":"Shading Mode"},"sceneLighting":false,"audioPlay":false,"sceneViewState":{"m_AlwaysRefresh":false,"showFog":true,"showSkybox":false,"showFlares":true,"showImageEffects":true,"showParticleSystems":true,"showVisualEffectGraphs":true,"m_FxEnabled":true},"in2DMode":false,"pivot":{"x":-0.24763508141040803,"y":-1.3461759090423585,"z":1.6947067975997925},"rotation":{"x":-0.33748552203178408,"y":0.07383615523576737,"z":-0.026491804048419,"w":-0.9381638169288635},"size":1.6050465106964112,"orthographic":false}